{
  "_typename" : "AliMinimalisticEvent",
  "fUniqueID" : 0,
  "fBits" : 33554432,
  "fEventID" : 183148544,
  "fEnergy" : 6500,
  "fMultiplicity" : 0,
  "fCollidingSystem" : "p-p",
  "fTimeStamp" : 1434151054,
  "fTracks" : [
 {
      "_typename" : "AliMinimalisticTrack",
      "fUniqueID" : 1,
      "fBits" : 33554432,
      "fType" : "standard",
      "fCharge" : -1,
      "fE" : 1.348920e+00,
      "fParentID" : -1,
      "fPID" : 11,
      "fSignedPT" : -9.652918e-01,
      "fMass" : 5.109989e-04,
      "fMomentum" : [4.982125e-01, 8.267845e-01, 9.422298e-01],
      "fStartCoordinates" : [-1.824179e+00, 1.668612e+00, -1.791777e+02],
      "fEndCoordinates" : [0, 0, 0],
      "fChildrenIDs" : [],
      "fHelixCurvature" : -1.554933e-04,
      "fTheta" : 7.974876e-01,
      "fPhi" : 1.028474e+00,
      "fPolyX" : [-1.824179e+00, 6.986844e+00, 1.606693e+01, 2.541223e+01, 3.501875e+01, 4.488236e+01, 5.499883e+01, 6.536378e+01, 7.597271e+01, 8.682101e+01, 9.790395e+01, 1.092167e+02, 1.207542e+02, 1.325115e+02, 1.444833e+02, 1.566644e+02, 1.690494e+02, 1.816328e+02, 1.944090e+02, 2.073722e+02, 2.205168e+02, 2.337083e+02, 2.478387e+02, 2.620511e+02, 2.763189e+02, 2.906155e+02, 3.049141e+02, 3.191878e+02, 3.334100e+02, 3.475540e+02, 3.615934e+02, 3.755019e+02, 3.892533e+02, 4.028221e+02, 4.161827e+02, 4.293102e+02, 4.421799e+02, 4.547678e+02, 4.670503e+02, 4.790044e+02, 4.906077e+02, 5.018386e+02, 5.115313e+02],
      "fPolyY" : [1.668612e+00, 1.183837e+01, 2.183772e+01, 3.166071e+01, 4.130148e+01, 5.075428e+01, 6.001341e+01, 6.907331e+01, 7.792850e+01, 8.657359e+01, 9.500331e+01, 1.032125e+02, 1.111961e+02, 1.189491e+02, 1.264668e+02, 1.337444e+02, 1.407773e+02, 1.475610e+02, 1.540912e+02, 1.603637e+02, 1.663743e+02, 1.720653e+02, 1.742679e+02, 1.758571e+02, 1.768300e+02, 1.771847e+02, 1.769206e+02, 1.760382e+02, 1.745391e+02, 1.724261e+02, 1.697033e+02, 1.663756e+02, 1.624494e+02, 1.579319e+02, 1.528317e+02, 1.471582e+02, 1.409222e+02, 1.341352e+02, 1.268100e+02, 1.189603e+02, 1.106008e+02, 1.017472e+02, 9.340152e+01],
      "fPolyZ" : [-1.791777e+02, -1.652075e+02, -1.512374e+02, -1.372672e+02, -1.232971e+02, -1.093270e+02, -9.535682e+01, -8.138667e+01, -6.741653e+01, -5.344639e+01, -3.947625e+01, -2.550610e+01, -1.153596e+01, 2.434183e+00, 1.640433e+01, 3.037447e+01, 4.434461e+01, 5.831475e+01, 7.228490e+01, 8.625504e+01, 1.002252e+02, 1.140614e+02, 1.280418e+02, 1.420221e+02, 1.560024e+02, 1.699828e+02, 1.839631e+02, 1.979435e+02, 2.119238e+02, 2.259041e+02, 2.398845e+02, 2.538648e+02, 2.678451e+02, 2.818255e+02, 2.958058e+02, 3.097861e+02, 3.237665e+02, 3.377468e+02, 3.517272e+02, 3.657075e+02, 3.796878e+02, 3.936682e+02, 4.061720e+02]
    }
  ]
}
